Method,RMSE,MSE,MAE
Project Goal,0.8649,NA,NA
Random Prediction,1.5012445,2.253735,1.1675974
Mean,1.0600537,1.1237139,0.8551636
Mean + bi,0.9429615,0.8891764,0.7370384
Mean + bi +bu,0.8646843,0.7476789,0.6684369
Regularized bi & bu,0.8641362,0.7467313,0.668707
Matrix Factorisation,0.7864129,0.6184453,0.6056752
Final Regularization,0.8648177,0.7479097,0.6693494
Final matrix factorisation,0.7825586,0.612398,0.6028746
